url,label
https://www.squarespace.com/templates,0
http://www.instagram.login-confirm.ml/verify?code=1234,1
https://www.postgresql.org/docs,0
https://keras.io/guides,0
https://www.fidelity.com/investing,0
http://keylogger-install.ml/setup?app=keyboard&log=all,1
https://www.ssllabs.com/ssltest,0
https://www.shodan.io,0
https://whois.domaintools.com,0
http://apple-com.xyz/id/verify,1
https://www.mcafee.com/enterprise,0
https://numpy.org/doc/stable,0
https://open.spotify.com/album,0
https://www.loc.gov,0
https://www.w3.org/TR/html52,0
https://www.who.int,0
http://apple-icloud-account-locked-verify-now.ml/unlock?token=abc123,1
http://lloyds-bank-online-secure.ml/signin,1
https://www.heroku.com/platform,0
https://www.medium.com/@tech,0
http://arnazon.com/login,1
https://stripe.com/payments,0
http://45.33.32.156/paypal/login.php,1
http://www.netflix-billing-update.xyz/account/payment,1
http://apple-id-verify.xyz/password/reset?token=xyz,1
https://www.kremlin.ru,0
http://confirm-your-identity-online.xyz/verify?ssn=req,1
http://irs-gov-refund-2024.xyz/claim?amount=2500,1
http://faceb00k.com/login,1
http://invoice-fraud-attack.xyz/pay?amount=10000&urgent,1
https://streamlit.io/gallery,0
http://facebook-hacked-recover.ml/account?aid=12345678,1
http://docusign-pending-signature.ml/sign?id=fake,1
http://10.0.0.1/admin/login.php?redirect=banking,1
http://password-expired-action-required.com/login/now,1
https://www.mongodb.com/atlas,0
https://kafka.apache.org/documentation,0
https://www.postman.com/product/api-client,0
https://pytest.org/en/stable,0
https://news.ycombinator.com/news,0
https://www.australia.gov.au,0
https://mxtoolbox.com,0
http://covid-vaccine-registration.xyz/book?id=nhs,1
http://social-security-verify.ml/update?ssn=conf,1
http://free-amazon-gift-card.xyz/earn?survey=complete,1
https://www.nytimes.com,0
http://91.108.4.1/verify/account?id=12345,1
https://www.sqlalchemy.org,0
https://ec.europa.eu/info,0
http://online-bank-login-verify.ml/account?bank=bofa1,1
https://www.ft.com/markets,0
http://netflix-gift-card-free.xyz/redeem?code=GIFT2024,1
http://halifax-bank-secure.ml/login,1
https://calendar.google.com,0
http://zero-day-exploit-kit.xyz/payload?target=browser,1
https://www.nih.gov,0
https://fastapi.tiangolo.com,0
https://drive.google.com/drive/my-drive,0
https://www.apple.com/iphone,0
http://dhl-package-update.ml/track?status=pending,1
http://198.51.100.1/account/verify?token=abc123,1
https://www.wordpress.com/create-blog,0
https://www.soundcloud.com/discover,0
https://www.netflix.com/browse,0
https://www.facebook.com,0
https://www.django-rest-framework.org,0
https://www.atlassian.com/software/jira,0
http://chase-bank-secure-login.xyz/verify/account,1
https://tailwindcss.com/docs,0
https://owasp.org/www-project-top-ten,0
https://reactjs.org/docs/getting-started.html,0
http://www.account-suspended-verify.xyz/restore?id=abc,1
http://amazon.login-secure.ml/prime/update?billing=1,1
https://www.tensorflow.org/tutorials,0
http://amazon-signin-new-device.ml/verify?device=iphone,1
https://grpc.io/docs,0
http://mail.google.account-verify.com/signin?next=gmail,1
https://www.pakistan.gov.pk,0
http://104.21.50.1/paypal/verify?token=xyz,1
https://www.docker.com/products,0
http://dropbox-shared-document.xyz/view?doc=steal,1
https://www.w3schools.com/python,0
https://www.bitdefender.com,0
https://redis.io/documentation,0
http://192.168.1.100/login.php?redirect=paypal.com,1
https://www.cisa.gov,0
http://card-suspended-click-to-restore.xyz?card=visa22,1
https://www.usa.gov,0
https://www.instagram.com,0
https://www.bloomberg.com/markets,0
http://162.159.200.1/bank/update?account=1234,1
http://wire-transfer-scam.ml/send?to=foreign&amt=9999,1
http://crypto-investment-200percent.ml/invest?ref=bonus,1
https://www.chase.com/personal/checking,0
https://support.apple.com/en-us/HT204152,0
https://www.notion.so/product,0
http://login.facebook-security-alert.tk/confirm,1
https://mail.google.com/mail/u/0,0
http://santander-bank-login.tk/verify,1
http://free-bitcoin-claim.ml/wallet?ref=abc&amount=100,1
https://www.shopify.com/pricing,0
https://www.reuters.com/technology,0
https://www.selenium.dev/documentation,0
https://www.godaddy.com/domains,0
http://paypal-confirm-transfer.xyz/approve?amount=2500,1
http://secure.bank-login-verify.com/auth?session=abc,1
https://www.discord.com/servers,0
https://www.india.gov.in,0
https://www.ieee.org/publications,0
https://www.namecheap.com/domains,0
http://update-your-paypal-information.ml/now?urgent=1,1
https://letsencrypt.org/docs,0
https://www.hubspot.com/products/crm,0
https://www.rabbitmq.com/documentation.html,0
https://www.kaspersky.com,0
http://www.bank-of-america-secure.com/login,1
http://netf1ix.com/account,1
https://www.paloaltonetworks.com,0
https://www.github.com/trending,0
http://172.16.0.1/phishing/login.html?user=admin,1
https://www.linkedin.com/feed,0
http://secure-signin-apple-id.xyz/reset?token=xyzabc12,1
https://vuejs.org/guide/introduction.html,0
https://www.microsoft.com/en-us,0
http://covid-relief-fund-claim.ml/apply?ssn=verify&id=,1
https://www.iso.org/standard,0
http://tax-scam-website.xyz/refund?amount=2000&year=23,1
https://www.citibank.com/personal-banking,0
https://www.twitter.com/home,0
https://www.php.net/manual/en,0
http://172.67.150.1/login/verify?user=victim,1
http://amazon-account-suspended-verify-identity-now.tk/restore?order=fake,1
http://urgent-verify-account-login.tk/secure?act=1,1
https://www.etsy.com/market/handmade,0
https://material-ui.com/getting-started,0
https://www.openssl.org/docs,0
http://secure-wells-fargo-online.ml/login?branch=main,1
https://www.worldbank.org,0
http://verify-your-account-now.com/login?redirect=amazon,1
http://wellsfargo-online.xyz/signin,1
http://secure-login-verify-update.xyz/account?new=pass,1
https://www.un.org/en,0
http://amazon-customer-service-123.ml/verify?order=abc,1
http://www.amazon-security-alert.com/signin/update,1
https://www.europol.europa.eu/crime-areas/cybercrime,0
http://ebay-login-secure-verify.ml/signin?session=fake,1
https://www.khanacademy.org/math,0
http://secure-account-verify-login-bank-update.ml/auth?id=12345&redirect=chase,1
https://www.elastic.co/guide,0
http://microsoft365-login-expired.com/renew?sub=1,1
https://www.cloudflare.com/plans,0
http://virus-detected-call-now.xyz/remove?threat=trojan,1
https://www.cnn.com/world,0
https://www.nginx.org/en/docs,0
https://www.zoom.us/join,0
https://www.dropbox.com/home,0
http://google-account-recover-now.tk/help?verify=email,1
https://tools.ietf.org/html/rfc2616,0
https://www.python.org/downloads,0
https://arxiv.org/abs/2301.00001,0
https://www.oracle.com/database,0
http://paypal-security-check.ml/confirm?amount=500&to=,1
http://irs-tax-refund-claim.xyz/refund?ssn=confirm&yr=,1
https://www.wikipedia.org/wiki/Machine_learning,0
http://phish-google-login.ml/oauth/token?scope=all,1
https://support.google.com/accounts,0
https://securityheaders.com,0
http://malware-dropper-site.ml/download?file=update.exe,1
http://185.220.101.1/login?target=amazon,1
http://account-needs-verification.ml/now?deadline=24hr,1
https://www.udemy.com/courses/development,0
https://www.figma.com/resources,0
http://microsoft-account-verify.ga/update/credentials,1
https://azure.microsoft.com/en-us/services,0
https://dnschecker.org,0
https://www.bundesregierung.de,0
https://www.nist.gov/cybersecurity,0
https://www.wsj.com/news/markets,0
http://update-amazon-billing-info.com/prime?card=req,1
https://docs.google.com/document,0
https://www.prisma.io/docs,0
https://www.spotify.com/us/premium,0
https://supabase.com/docs,0
http://www.steam-account-hijacked.com/restore?id=abc,1
http://78.133.22.5/bank/secure/login.php?redirect=citi,1
https://www.google.com,0
http://phishing-aws-console.xyz/signin?account=hacked1,1
http://bankofamerica-secure-login.com/verify/identity,1
http://zoom-meeting-invitation.ml/join?id=fake123,1
https://www.vanguard.com/investor-resources,0
http://hsbc-secure-login.xyz/verify,1
http://instagram-verify-now.xyz/code?phone=confirm&app,1
http://click-here-to-win-big-prize.ml/claim?user=lucky,1
http://apple-support-billing-issue.xyz/fix?invoice=999,1
https://www.usgs.gov,0
http://discord-free-nitro-claim.xyz/gift?ref=boost2024,1
http://193.122.10.50/redirect?url=paypal.com&session=x,1
https://www.ebay.com/deals,0
https://www.senate.gov,0
http://secure-paypal-update.tk/account/login?id=99,1
https://www.youtube.com,0
https://nvd.nist.gov,0
https://www.twilio.com/sms,0
http://micosoft.com/verify,1
http://apple-id-suspended-verify.com/unlock?id=abc,1
http://paypal-login-secure.com/verify/account?token=abc123,1
https://airtable.com/product,0
http://update-required-login.xyz/account?version=new1,1
http://login-verify-bank-account.ml/auth?bank=wellsfgo,1
https://haveibeenpwned.com,0
https://www.djangoproject.com,0
http://citi-bank-login.ml/auth,1
http://203.0.113.1/bank/signin?session=fake,1
http://social-engineer-login-page.xyz/credentials?form,1
https://www.iana.org/domains,0
https://huggingface.co/models,0
http://gmail-unusual-signin-alert.xyz/review?ip=china,1
http://paypal-login-account-verify-secure-now.xyz/update/billing?urgent=1,1
http://impersonate-stripe.xyz/dashboard?api=steal&key=,1
http://fake-bank-portal.ml/login?bank=citi&secure=fake,1
https://www.cloudinary.com/documentation,0
https://graphql.org/learn,0
http://www.paypa1.com/signin,1
https://www.bankofamerica.com/online-banking,0
https://pytorch.org/tutorials,0
https://www.jenkins.io/doc,0
http://twitter-secure-login-2024.xyz/account/restore,1
https://expressjs.com,0
https://www.malwarebytes.com,0
https://www.noaa.gov,0
http://immediate-action-required-login.ml?expire=urgent,1
https://www.qualys.com,0
https://www.cert.org,0
https://www.nasa.gov,0
http://rogue-vpn-download.xyz/install?vpn=free&spy=yes,1
http://win-free-phone-click.ml/claim?model=s24&qty=1,1
https://www.producthunt.com/posts,0
http://whatsapp-gold-upgrade.ml/install?version=gold5,1
http://sharepoint-file-access.xyz/open?file=phish,1
https://csrc.nist.gov/publications,0
http://citibanklogin.secure-verify.com/auth?session=x,1
http://support.microsoft-helpdesk.tk/virus-remove?pc=1,1
http://google-drive-share-link.xyz/file?id=steal,1
https://firebase.google.com/docs,0
https://www.fbi.gov/investigate/cyber,0
http://www.urgent-account-action.ml/login?expire=today,1
https://www.mailchimp.com/email-marketing,0
http://pay-pal.com/secure/login,1
http://apple.account-locked.ml/unlock?token=abc123def,1
https://www.symantec.com,0
http://fake-paypal-support.xyz/help?ticket=99999&pid=1,1
http://www.visa-secure-verify.xyz/card/update?cvv=req,1
https://www.visa.com/en_us/products,0
http://netflix-payment-failed-update.ml/fix?card=visa,1
https://www.twitch.tv/directory,0
http://95.179.227.1/secure/banking/login.php,1
https://icann.org/resources,0
http://ups-delivery-exception.tk/fix?tracking=abc,1
https://d3js.org,0
https://www.paypal.com/home,0
https://www.interpol.int/en/Crimes/Cybercrime,0
http://login-paypal-account-verify.com/now?id=1234,1
https://www.tenable.com/products,0
http://fake-invoice-download.ml/doc?invoice=overdue22,1
http://update-banking-info-secure.tk/account?uid=5555,1
http://lottery-winner-claim.ml/prize?ticket=7777-lucky,1
http://www.login-verify-secure-account-update.com/bank/signin?session=xyz123&token=abc,1
https://www.ruby-lang.org/en/documentation,0
https://pandas.pydata.org/docs/user_guide,0
https://www.splunk.com/en_us/products,0
https://flask.palletsprojects.com,0
https://www.elysee.fr,0
https://www.cdc.gov,0
https://help.netflix.com/en/node/412,0
https://www.supremecourt.gov,0
http://amazon.secure-delivery-update.ml/track?pkg=1234,1
http://chase-secure.tk/account/verify,1
http://googIe.com/accounts,1
https://cloud.google.com/products,0
http://onedrive-photo-shared.tk/album?view=steal,1
http://fake-github-login.ml/session?oauth=steal&src=gh,1
https://www.avast.com,0
https://www.chartjs.org/docs,0
https://www.trello.com/boards,0
https://scikit-learn.org/stable/modules,0
https://zapier.com/apps,0
https://www.house.gov,0
https://www.virustotal.com,0
http://session-token-steal.xyz/steal?cookie=session_id,1
https://www.coursera.org/courses,0
https://www.epa.gov,0
https://www.digitalocean.com/products,0
http://online-verify-login-secure-bank.ml/auth?acc=1234,1
http://wells-fargo-secure-banking-login.ml/verify/now,1
https://www.slack.com/workspace,0
https://www.crowdstrike.com,0
https://www.canada.ca/en,0
https://www.whitehouse.gov,0
https://aws.amazon.com/products,0
http://192.168.1.1/bank/login.php,1
http://fedex-delivery-failed.xyz/reschedule?pkg=1,1
http://medicare-benefit-verify.xyz/enroll?id=2024,1
https://www.imf.org,0
https://nodejs.org/en/docs,0
https://www.ibm.com/cloud,0
http://natwest-verify-account.xyz/auth,1
https://www.gov.uk/government/organisations,0
http://usps-package-held.xyz/verify?zip=required,1
https://www.mastercard.com/global/en,0
https://www.amazon.com,0
https://www.sans.org/reading-room,0
http://linkedln.com/secure,1
http://linkedin-password-reset-secure.ml/reset?email=a,1
https://sass-lang.com/guide,0
http://signin-ebay-account.ml/login?session=1234&next=,1
http://stimulus-check-claim-2024.ml/apply?ssn=req,1
https://kubernetes.io/docs/home,0
http://typosquat-gooogle.xyz/search?steal=cookies&adv=,1
https://stackoverflow.com/questions/tagged/python,0
http://barclays-online.tk/signin,1
http://www.microsoft-tech-support-virus.tk/call?ext=1,1
https://www.mysql.com/products,0
https://www.typescriptlang.org/docs,0
https://www.pinterest.com/ideas,0
https://docs.python.org/3/library/,0
https://www.bbc.com/news/world,0
http://paypal.secure-update-required.com/account/verify,1
http://twiitter.com/verify,1
https://developer.mozilla.org/en-US/docs/Web,0
http://bank-account-suspended-login.ml/restore?id=9988,1
https://www.salesforce.com/crm,0
https://www.wix.com/website/templates,0
https://getbootstrap.com/docs,0
https://www.apache.org,0
https://cve.mitre.org,0
https://www.reddit.com/r/python,0
https://www.wellsfargo.com/accounts,0
http://royal-mail-delivery.ml/rearrange?ref=1234,1
